﻿{
  "data": [
    {
      "name": "Tiger Nixon",
      "position": "معماری سیستم",
      "salary": "تومان320,800",
      "start_date": "2011/04/25",
      "office": "Edinburgh",
      "extn": "5421"
    },
    {
      "name": "Garrett Winters",
      "position": "حسابدار",
      "salary": "تومان170,750",
      "start_date": "2011/07/25",
      "office": "Tokyo",
      "extn": "8422"
    },
    {
      "name": "Ashton Cox",
      "position": "نویسنده فنی جوان",
      "salary": "تومان86,000",
      "start_date": "2009/01/12",
      "office": "San Francisco",
      "extn": "1562"
    },
    {
      "name": "Cedric Kelly",
      "position": "برنامه نویس ارشد",
      "salary": "تومان433,060",
      "start_date": "2012/03/29",
      "office": "Edinburgh",
      "extn": "6224"
    },
    {
      "name": "Airi Satou",
      "position": "حسابدار",
      "salary": "تومان162,700",
      "start_date": "2008/11/28",
      "office": "Tokyo",
      "extn": "5407"
    },
    {
      "name": "Brielle Williamson",
      "position": "متخصص ادغام",
      "salary": "تومان372,000",
      "start_date": "2012/12/02",
      "office": "New York",
      "extn": "4804"
    },
    {
      "name": "Herrod Chandler",
      "position": "دستیار فروش",
      "salary": "تومان137,500",
      "start_date": "2012/08/06",
      "office": "San Francisco",
      "extn": "9608"
    },
    {
      "name": "Rhona Davidson",
      "position": "متخصص ادغام",
      "salary": "تومان327,900",
      "start_date": "2010/10/14",
      "office": "Tokyo",
      "extn": "6200"
    },
    {
      "name": "Colleen Hurst",
      "position": "جاوا اسکریپت توسعه دهنده",
      "salary": "تومان205,500",
      "start_date": "2009/09/15",
      "office": "San Francisco",
      "extn": "2360"
    },
    {
      "name": "Sonya Frost",
      "position": "مهندس نرم افزار",
      "salary": "تومان103,600",
      "start_date": "2008/12/13",
      "office": "Edinburgh",
      "extn": "1667"
    },
    {
      "name": "Jena Gaines",
      "position": "مدیر دفتر",
      "salary": "تومان90,560",
      "start_date": "2008/12/19",
      "office": "London",
      "extn": "3814"
    },
    {
      "name": "Quinn Flynn",
      "position": "پشتیبانی",
      "salary": "تومان342,000",
      "start_date": "2013/03/03",
      "office": "Edinburgh",
      "extn": "9497"
    },
    {
      "name": "Charde Marshall",
      "position": "مدیر منطقه",
      "salary": "تومان470,600",
      "start_date": "2008/10/16",
      "office": "San Francisco",
      "extn": "6741"
    },
    {
      "name": "Haley Kennedy",
      "position": "طراح ارشد بازاریابی",
      "salary": "تومان313,500",
      "start_date": "2012/12/18",
      "office": "London",
      "extn": "3597"
    },
    {
      "name": "Tatyana Fitzpatrick",
      "position": "مدیر منطقه",
      "salary": "تومان385,750",
      "start_date": "2010/03/17",
      "office": "London",
      "extn": "1965"
    },
    {
      "name": "Michael Silva",
      "position": "طراح بازاریابی",
      "salary": "تومان198,500",
      "start_date": "2012/11/27",
      "office": "London",
      "extn": "1581"
    },
    {
      "name": "Paul Byrd",
      "position": "مدیر ارشد مالی (CFO)",
      "salary": "تومان725,000",
      "start_date": "2010/06/09",
      "office": "New York",
      "extn": "3059"
    },
    {
      "name": "Gloria Little",
      "position": "مدیر سیستم",
      "salary": "تومان237,500",
      "start_date": "2009/04/10",
      "office": "New York",
      "extn": "1721"
    },
    {
      "name": "Bradley Greer",
      "position": "مهندس نرم افزار",
      "salary": "تومان132,000",
      "start_date": "2012/10/13",
      "office": "London",
      "extn": "2558"
    },
    {
      "name": "Dai Rios",
      "position": "پرسنل",
      "salary": "تومان217,500",
      "start_date": "2012/09/26",
      "office": "Edinburgh",
      "extn": "2290"
    },
    {
      "name": "Jenette Caldwell",
      "position": "توسعه یاب",
      "salary": "تومان345,000",
      "start_date": "2011/09/03",
      "office": "New York",
      "extn": "1937"
    },
    {
      "name": "Yuri Berry",
      "position": "مدیر بازاریابی (CMO)",
      "salary": "تومان675,000",
      "start_date": "2009/06/25",
      "office": "New York",
      "extn": "6154"
    },
    {
      "name": "Caesar Vance",
      "position": "پشتیبانی پیش فروش",
      "salary": "تومان106,450",
      "start_date": "2011/12/12",
      "office": "New York",
      "extn": "8330"
    },
    {
      "name": "Doris Wilder",
      "position": "دستیار فروش",
      "salary": "تومان85,600",
      "start_date": "2010/09/20",
      "office": "Sidney",
      "extn": "3023"
    },
    {
      "name": "Angelica Ramos",
      "position": "مدیر اجرایی (مدیر عامل)",
      "salary": "تومان1,200,000",
      "start_date": "2009/10/09",
      "office": "London",
      "extn": "5797"
    },
    {
      "name": "Gavin Joyce",
      "position": "توسعه دهنده",
      "salary": "تومان92,575",
      "start_date": "2010/12/22",
      "office": "Edinburgh",
      "extn": "8822"
    },
    {
      "name": "Jennifer Chang",
      "position": "مدیر منطقه",
      "salary": "تومان357,650",
      "start_date": "2010/11/14",
      "office": "Singapore",
      "extn": "9239"
    },
    {
      "name": "Brenden Wagner",
      "position": "مهندس نرم افزار",
      "salary": "تومان206,850",
      "start_date": "2011/06/07",
      "office": "San Francisco",
      "extn": "1314"
    },
    {
      "name": "Fiona Green",
      "position": "مدیر عامل (COO)",
      "salary": "تومان850,000",
      "start_date": "2010/03/11",
      "office": "San Francisco",
      "extn": "2947"
    },
    {
      "name": "Shou Itou",
      "position": "بازاریابی منطقه ای",
      "salary": "تومان163,000",
      "start_date": "2011/08/14",
      "office": "Tokyo",
      "extn": "8899"
    },
    {
      "name": "Michelle House",
      "position": "متخصص ادغام",
      "salary": "تومان95,400",
      "start_date": "2011/06/02",
      "office": "Sidney",
      "extn": "2769"
    },
    {
      "name": "Suki Burks",
      "position": "توسعه دهنده",
      "salary": "تومان114,500",
      "start_date": "2009/10/22",
      "office": "London",
      "extn": "6832"
    },
    {
      "name": "Prescott Bartlett",
      "position": "نویسنده فنی",
      "salary": "تومان145,000",
      "start_date": "2011/05/07",
      "office": "London",
      "extn": "3606"
    },
    {
      "name": "Gavin Cortez",
      "position": "سرگروه",
      "salary": "تومان235,500",
      "start_date": "2008/10/26",
      "office": "San Francisco",
      "extn": "2860"
    },
    {
      "name": "Martena Mccray",
      "position": "پشتیبانی پس از فروش",
      "salary": "تومان324,050",
      "start_date": "2011/03/09",
      "office": "Edinburgh",
      "extn": "8240"
    },
    {
      "name": "Unity Butler",
      "position": "طراح بازاریابی",
      "salary": "تومان85,675",
      "start_date": "2009/12/09",
      "office": "San Francisco",
      "extn": "5384"
    },
    {
      "name": "Howard Hatfield",
      "position": "مدیر دفتر",
      "salary": "تومان164,500",
      "start_date": "2008/12/16",
      "office": "San Francisco",
      "extn": "7031"
    },
    {
      "name": "Hope Fuentes",
      "position": "منشی",
      "salary": "تومان109,850",
      "start_date": "2010/02/12",
      "office": "San Francisco",
      "extn": "6318"
    },
    {
      "name": "Vivian Harrell",
      "position": "کنترل مالی",
      "salary": "تومان452,500",
      "start_date": "2009/02/14",
      "office": "San Francisco",
      "extn": "9422"
    },
    {
      "name": "Timothy Mooney",
      "position": "مدیر دفتر",
      "salary": "تومان136,200",
      "start_date": "2008/12/11",
      "office": "London",
      "extn": "7580"
    },
    {
      "name": "Jackson Bradshaw",
      "position": "Director",
      "salary": "تومان645,750",
      "start_date": "2008/09/26",
      "office": "New York",
      "extn": "1042"
    },
    {
      "name": "Olivia Liang",
      "position": "مهندس پشتیبانی",
      "salary": "تومان234,500",
      "start_date": "2011/02/03",
      "office": "Singapore",
      "extn": "2120"
    },
    {
      "name": "Bruno Nash",
      "position": "مهندس نرم افزار",
      "salary": "تومان163,500",
      "start_date": "2011/05/03",
      "office": "London",
      "extn": "6222"
    },
    {
      "name": "Sakura Yamamoto",
      "position": "مهندس پشتیبانی",
      "salary": "تومان139,575",
      "start_date": "2009/08/19",
      "office": "Tokyo",
      "extn": "9383"
    },
    {
      "name": "Thor Walton",
      "position": "توسعه دهنده",
      "salary": "تومان98,540",
      "start_date": "2013/08/11",
      "office": "New York",
      "extn": "8327"
    },
    {
      "name": "Finn Camacho",
      "position": "مهندس پشتیبانی",
      "salary": "تومان87,500",
      "start_date": "2009/07/07",
      "office": "San Francisco",
      "extn": "2927"
    },
    {
      "name": "Serge Baldwin",
      "position": "Data Coordinator",
      "salary": "تومان138,575",
      "start_date": "2012/04/09",
      "office": "Singapore",
      "extn": "8352"
    },
    {
      "name": "Zenaida Frank",
      "position": "مهندس نرم افزار",
      "salary": "تومان125,250",
      "start_date": "2010/01/04",
      "office": "New York",
      "extn": "7439"
    },
    {
      "name": "Zorita Serrano",
      "position": "مهندس نرم افزار",
      "salary": "تومان115,000",
      "start_date": "2012/06/01",
      "office": "San Francisco",
      "extn": "4389"
    },
    {
      "name": "Jennifer Acosta",
      "position": "Junior جاوا اسکریپت توسعه دهنده",
      "salary": "تومان75,650",
      "start_date": "2013/02/01",
      "office": "Edinburgh",
      "extn": "3431"
    },
    {
      "name": "Cara Stevens",
      "position": "دستیار فروش",
      "salary": "تومان145,600",
      "start_date": "2011/12/06",
      "office": "New York",
      "extn": "3990"
    },
    {
      "name": "Hermione Butler",
      "position": "مدیر منطقه",
      "salary": "تومان356,250",
      "start_date": "2011/03/21",
      "office": "London",
      "extn": "1016"
    },
    {
      "name": "Lael Greer",
      "position": "مدیر سیستم",
      "salary": "تومان103,500",
      "start_date": "2009/02/27",
      "office": "London",
      "extn": "6733"
    },
    {
      "name": "Jonas Alexander",
      "position": "توسعه دهنده",
      "salary": "تومان86,500",
      "start_date": "2010/07/14",
      "office": "San Francisco",
      "extn": "8196"
    },
    {
      "name": "Shad Decker",
      "position": "مدیر منطقه",
      "salary": "تومان183,000",
      "start_date": "2008/11/13",
      "office": "Edinburgh",
      "extn": "6373"
    },
    {
      "name": "Michael Bruce",
      "position": "جاوا اسکریپت توسعه دهنده",
      "salary": "تومان183,000",
      "start_date": "2011/06/27",
      "office": "Singapore",
      "extn": "5384"
    },
    {
      "name": "Donna Snider",
      "position": "Customer Support",
      "salary": "تومان112,000",
      "start_date": "2011/01/25",
      "office": "New York",
      "extn": "4226"
    }
  ]
}